Workbook

Sheet Monthly
A1: Emp Id | B1: Emp Name | C1: 2025 August Planned Leave | D1: Public Holiday | E1: Optional Holiday
A2: 200071 | B2: BindhuMadhuri Maddela | C2: 1st & 4th | D2: 15th(Independence day) & 27th (Vinayaka Chavithi) | E2: None
A3: 200325 | B3: Suganya Chandrasekaran | C3: 28th & 29th (tentative)
A4: 200417 | B4: Dhivya Dharmaraj | C4: 18th(Comp off)
A5: 200210 | B5: Murugan, Lakshmipathy | C5: 12th (Comp off), 14th, 28th (Tentative)
A6: 200588 | B6: Sampanthamoorthy, Sivaguru | C6: 1st, 18th August
A7: 200411 | B7: Murugan Pavithra | C7: 22 Second off
A8: 200128 | B8: Syed Sufdar Hussain | C8: 14th August
A9: Emp Id | B9: Emp Name | C9: 2025 September Planned Leave | D9: Public Holiday | E9: Optional Holiday
A10: 200071 | B10: BindhuMadhuri Maddela | C10: 23rd and 29th September | D10: None | E10: 5th September Miladunnabi
A11: 200325 | B11: Suganya Chandrasekaran
A12: 200417 | B12: Dhivya Dharmaraj | C12: 11th & 12th
A13: 200210 | B13: Murugan, Lakshmipathy | C13: 4th, 5th
A14: 200588 | B14: Sampanthamoorthy, Sivaguru | C14: 8th (Tentative)
A15: 200411 | B15: Murugan Pavithra | C15: 10 to 23
A16: 200128 | B16: Syed Sufdar Hussain
A17: Emp Id | B17: Emp Name | C17: 2025 October Planned Leave | D17: Public Holiday | E17: Optional Holiday
A18: 200071 | B18: BindhuMadhuri Maddela | D18: 2nd october - Vijaya dasami 20th October - Diwali | E18: 1st October - Ayudha pooja
A19: 200325 | B19: Suganya Chandrasekaran
A20: 200417 | B20: Dhivya Dharmaraj
A21: 200210 | B21: Murugan, Lakshmipathy
A22: 200588 | B22: Sampanthamoorthy, Sivaguru
A23: 200411 | B23: Murugan Pavithra
A24: 200128 | B24: Syed Sufdar Hussain
A25: Emp Id | B25: Emp Name | C25: 2025 November Planned Leave | D25: Holiday | E25: Optional Holiday
A26: 200071 | B26: BindhuMadhuri Maddela | C26: 14th, 17th ,18th
A27: 200325 | B27: Suganya Chandrasekaran | C27: None
A28: 200417 | B28: Dhivya Dharmaraj | C28: 20, 21 Nov
A29: 200210 | B29: Murugan, Lakshmipathy | C29: 03,19,20,21,24 Nov
A30: 200588 | B30: Sampanthamoorthy, Sivaguru | C30: 10th & 11th
A31: 200411 | B31: Murugan Pavithra | C31: None
A32: 200128 | B32: Syed Sufdar Hussain | C32: 19th
A33: Emp Id | B33: Emp Name | C33: 2025 December Planned Leave | D33: Holiday | E33: Optional Holiday
A34: 200071 | B34: BindhuMadhuri Maddela | C34: 22nd to 26th | D34: 25
A35: 200325 | B35: Suganya Chandrasekaran | C35: 24th & 26th
A36: 200417 | B36: Dhivya Dharmaraj | C36: Dec 8th to 12th
A37: 200210 | B37: Murugan, Lakshmipathy | C37: 26th Tentative
A38: 200588 | B38: Sampanthamoorthy, Sivaguru | C38: Dec 5th, Dec 8th
A39: 200411 | B39: Murugan Pavithra
A40: 200128 | B40: Syed Sufdar Hussain | C40: 29,30,31

Sheet 2026
A1: Finance Systems | C1: 46023 | D1: Location | E1: Holiday | F1: Optional Holiday | G1: Opting?
A2: Emp Id | B2: Emp Name | C2: Planned Leave
A3: 200071 | B3: BindhuMadhuri Maddela | C3: 12 | D3: GCC | E3: 1, 15, 26 | F3: 16 | G3: No
A4: 200325 | B4: Suganya Chandrasekaran | C4: 22, 30 | D4: GCC | G4: No
A5: 200417 | B5: Dhivya Dharmaraj | C5: 16, 19 | D5: GCC | G5: Yes
A6: 200210 | B6: Murugan, Lakshmipathy | C6: 2 | D6: GCC | G6: No
A7: 200588 | B7: Sampanthamoorthy, Sivaguru | C7: 14, 16 | D7: GCC | G7: Yes
A8: 200411 | B8: Murugan Pavithra | C8: 14, 16 | D8: GCC | G8: Yes
A9: 200128 | B9: Syed Sufdar Hussain | C9: 30 | D9: GCC | G9: No
A10: 999999 | B10: Satish KambleOne | C10: 21 | D10: US | E10: 19 | G10: NA
A11: 999998 | B11: Satish KambleTwo | C11: 22 | D11: US | G11: NA
A12: 999997 | B12: Satish KambleThree | C12: 23 | D12: US | G12: NA
A15: Finance Systems | C15: Feb | D15: Location | E15: Holiday | F15: Optional Holiday | G15: Opting? | I15: `
A16: Emp Id | B16: Emp Name | C16: Planned Leave
A17: 200071 | B17: BindhuMadhuri Maddela | C17: 2, 3, 16, 17 | D17: GCC | G17: No
A18: 200325 | B18: Suganya Chandrasekaran | C18: 16 to 27 | D18: GCC | G18: No
A19: 200417 | B19: Dhivya Dharmaraj | C19: 23 | D19: GCC | G19: Yes
A20: 200210 | B20: Murugan, Lakshmipathy | C20: 19,20,23 | D20: GCC | G20: No
A21: 200588 | B21: Sampanthamoorthy, Sivaguru | D21: GCC | G21: Yes
A22: 200411 | B22: Murugan Pavithra | D22: GCC | G22: Yes
A23: 200128 | B23: Syed Sufdar Hussain | D23: GCC | G23: No
A24: 999999 | B24: Satish KambleOne | C24: 2 | D24: US | E24: 12 | G24: NA
A25: 999998 | B25: Satish KambleTwo | C25: 16 | D25: US | G25: NA
A26: 999997 | B26: Satish KambleThree | C26: 4 | D26: US | G26: NA
I27: `
A29: Finance Systems | C29: March | D29: Location | E29: Holiday | F29: Optional Holiday | G29: Opting?
A30: Emp Id | B30: Emp Name | C30: Planned Leave
A31: 200071 | B31: BindhuMadhuri Maddela | D31: GCC | G31: No
A32: 200325 | B32: Suganya Chandrasekaran | D32: GCC | G32: No
A33: 200417 | B33: Dhivya Dharmaraj | D33: GCC | G33: Yes
A34: 200210 | B34: Murugan, Lakshmipathy | D34: GCC | G34: No
A35: 200588 | B35: Sampanthamoorthy, Sivaguru | D35: GCC | G35: Yes
A36: 200411 | B36: Murugan Pavithra | D36: GCC | G36: Yes
A37: 200128 | B37: Syed Sufdar Hussain | D37: GCC | G37: No
A38: 999999 | B38: Satish KambleOne | D38: US | G38: NA
A39: 999998 | B39: Satish KambleTwo | D39: US | G39: NA
A40: 999997 | B40: Satish KambleThree | D40: US | G40: NA

Sheet On Call Schedules
A1: Year | B1: Month | C1: From Date | D1: To date | E1: Primary | F1: Secondary
A2: 2026 | B2: Dec | C2: 31st | D2: Jan 13th | E2: Pavithra | F2: Suganya
A3: 2026 | B3: Jan | C3: 14th | D3: 27th | E3: Lakshmipathy | F3: BindhuMadhuri Maddela
A4: 2026 | B4: Jan | C4: 28th | D4: Feb 10th | E4: Siva Guru | F4: Dhivya Dharmaraj
A5: 2026 | B5: Feb | C5: 11th | D5: 24th | E5: Suresh Mahalingam | F5: Pavithra
A6: 2026 | B6: Feb | C6: 25th | D6: Mar 10th | E6: Dhivya Dharmaraj | F6: Lakshmipathy
A7: 2026 | B7: Mar | C7: 11th | D7: 24th | E7: BindhuMadhuri Maddela | F7: Siva Guru
A8: 2026 | B8: Mar | C8: 25th | D8: Apr 7th | E8: Suganya Chandrasekaran | F8: Suresh Mahalingam

Sheet Email Summary
A1: ="Finance Systems - " & TEXT(TODAY(),"MMMM YYYY") & " Capacity Update" -> Finance Systems - February 2026 Capacity Update
A2: ="Sprint Capacity Summary for Finance Systems Team" -> Sprint Capacity Summary for Finance Systems Team
A3: ="Generated on: " & TEXT(TODAY(),"dd-mmm-yyyy") -> Generated on: 05-Feb-2026
A6: ="Total Team Members: 7" -> Total Team Members: 7
A7: ="Active Team Members Available: " & (7 - COUNTIF(Monthly!C1:C7,"*")) -> Active Team Members Available: 0
A9: ="=== " & UPPER(TEXT(TODAY(),"MMMM")) & " CAPACITY BREAKDOWN ===" -> === FEBRUARY CAPACITY BREAKDOWN ===
A11: ="Employee ID | Employee Name | Planned Leave | Holiday | Optional Holiday" -> Employee ID | Employee Name | Planned Leave | Holiday | Optional Holiday
A12: ="------------|---------------|---------------|---------|------------------" -> ------------|---------------|---------------|---------|------------------
A13: =Monthly!A1 -> Emp Id | B13: =Monthly!B1 -> Emp Name | C13: =Monthly!C1 -> 2025 August Planned Leave | D13: =Monthly!D1 -> Public Holiday
A14: =Monthly!A2 -> 200071 | B14: =Monthly!B2 -> BindhuMadhuri Maddela | C14: =Monthly!C2 -> 1st & 4th | D14: =Monthly!D2 -> 15th(Independence day) & 27th (Vinayaka Chavithi)
A15: =Monthly!A3 -> 200325 | B15: =Monthly!B3 -> Suganya Chandrasekaran | C15: =Monthly!C3 -> 28th & 29th (tentative) | D15: =Monthly!D3 -> 0
A16: =Monthly!A4 -> 200417 | B16: =Monthly!B4 -> Dhivya Dharmaraj | C16: =Monthly!C4 -> 18th(Comp off) | D16: =Monthly!D4 -> 0
A17: =Monthly!A5 -> 200210 | B17: =Monthly!B5 -> Murugan, Lakshmipathy | C17: =Monthly!C5 -> 12th (Comp off), 14th, 28th (Tentative) | D17: =Monthly!D5 -> 0
A18: =Monthly!A6 -> 200588 | B18: =Monthly!B6 -> Sampanthamoorthy, Sivaguru | C18: =Monthly!C6 -> 1st, 18th August | D18: =Monthly!D6 -> 0
A19: =Monthly!A7 -> 200411 | B19: =Monthly!B7 -> Murugan Pavithra | C19: =Monthly!C7 -> 22 Second off | D19: =Monthly!D7 -> 0
A20: =Monthly!A8 -> 200128 | B20: =Monthly!B8 -> Syed Sufdar Hussain | C20: =Monthly!C8 -> 14th August | D20: =Monthly!D8 -> 0
A25: ="QUICK SUMMARY FOR EMAIL:" -> QUICK SUMMARY FOR EMAIL:
A26: ="========================" -> ========================
A28: ="Hi Jason," -> Hi Jason,
A29: =""
A30: ="Here's the Finance Systems team capacity update for " & TEXT(TODAY(),"MMMM yyyy") & ":" -> Here's the Finance Systems team capacity update for February 2026:
A31: =""
A32: ="Team Size: 7 members" -> Team Size: 7 members
A33: {="Members with Planned Leave: " & COUNTIF(Monthly("'"&TEXT(TODAY(),"Monthly")&"'!C:C"),"<>")} -> #NAME?

Sheet Sheet3

Sheet Email Template
A1: Employee Name | B1: GCC Holiday | C1: Planned Leave
A2: Syed Sufdar Hussain | B2: 15th August | C2: 14th August
A3: Murugan, Lakshmipathy | B3: 15th August | C3: 14th August
A4: Murugan, Pavithra | B4: 15th August | C4: None
A5: Chandrasekaran, Suganya | B5: 15th August | C5: None
A6: Maddela, Bindhu Maduri | B6: 15th August | C6: None
A7: Dharmaraj, Dhivya | B7: 15th August | C7: 18th August
A8: Sampanthamoorthy, Sivaguru | B8: 15th August | C8: 18th August
